{"result": {"virtual_sdcard": {"print_duration": 1516.7326718700006, "total_duration": 1516.7326718700006, "filament_used": 1393.625989999889, "is_active": true, "current_file": "Buck_Holder_-_buck_base.gcode", "file_position": 1149701, "progress": 0.9590440098798881}}}

